match,home_team,away_team,market_name,player_name,player_team,line,over_price,under_price,agency,opposition_team,class_external_id,competition_external_id,event_external_id,market_id,player_id,player_id_unders
GWS Giants v Western Bulldogs,GWS Giants,Western Bulldogs,Player Goals,Alyce Parker,GWS Giants,0.5,1.85,NA,Sportsbet,Western Bulldogs,103,46287,12586314,441685545,2148112859,NA
GWS Giants v Western Bulldogs,GWS Giants,Western Bulldogs,Player Goals,Zarlie Goldsworthy,GWS Giants,0.5,1.19,NA,Sportsbet,Western Bulldogs,103,46287,12586314,441685545,2148112862,NA
GWS Giants v Western Bulldogs,GWS Giants,Western Bulldogs,Player Goals,Alicia Eva,GWS Giants,0.5,2.65,NA,Sportsbet,Western Bulldogs,103,46287,12586314,441685545,2148112858,NA
GWS Giants v Western Bulldogs,GWS Giants,Western Bulldogs,Player Goals,Georgia Garnett,GWS Giants,0.5,2.18,NA,Sportsbet,Western Bulldogs,103,46287,12586314,441685545,2148112863,NA
GWS Giants v Western Bulldogs,GWS Giants,Western Bulldogs,Player Goals,Isabel Huntington,GWS Giants,0.5,2.03,NA,Sportsbet,Western Bulldogs,103,46287,12586314,441685545,2148426810,NA
GWS Giants v Western Bulldogs,GWS Giants,Western Bulldogs,Player Goals,Jess Doyle,NA,0.5,2.12,NA,Sportsbet,NA,103,46287,12586314,441685545,2148112865,NA
GWS Giants v Western Bulldogs,GWS Giants,Western Bulldogs,Player Goals,Rebecca Beeson,GWS Giants,0.5,2.5,NA,Sportsbet,Western Bulldogs,103,46287,12586314,441685545,2148112860,NA
GWS Giants v Western Bulldogs,GWS Giants,Western Bulldogs,Player Goals,Haneen Zreika,GWS Giants,0.5,3.35,NA,Sportsbet,Western Bulldogs,103,46287,12586314,441685545,2148112864,NA
GWS Giants v Western Bulldogs,GWS Giants,Western Bulldogs,Player Goals,Mikayla Pauga,GWS Giants,0.5,3.3,NA,Sportsbet,Western Bulldogs,103,46287,12586314,441685545,2148112866,NA
GWS Giants v Western Bulldogs,GWS Giants,Western Bulldogs,Player Goals,Tarni Evans,GWS Giants,0.5,3.3,NA,Sportsbet,Western Bulldogs,103,46287,12586314,441685545,2148112861,NA
GWS Giants v Western Bulldogs,GWS Giants,Western Bulldogs,Player Goals,Deanna Berry,Western Bulldogs,0.5,1.98,NA,Sportsbet,GWS Giants,103,46287,12586314,441685545,2148112869,NA
GWS Giants v Western Bulldogs,GWS Giants,Western Bulldogs,Player Goals,Kristie-Lee Weston-Turner,Western Bulldogs,0.5,1.91,NA,Sportsbet,GWS Giants,103,46287,12586314,441685545,2148112877,NA
GWS Giants v Western Bulldogs,GWS Giants,Western Bulldogs,Player Goals,Sarah Hartwig,Western Bulldogs,0.5,1.58,NA,Sportsbet,GWS Giants,103,46287,12586314,441685545,2148112871,NA
GWS Giants v Western Bulldogs,GWS Giants,Western Bulldogs,Player Goals,Alice Edmonds,Western Bulldogs,0.5,2.25,NA,Sportsbet,GWS Giants,103,46287,12586314,441685545,2148112872,NA
GWS Giants v Western Bulldogs,GWS Giants,Western Bulldogs,Player Goals,Analea McKee,Western Bulldogs,0.5,2.55,NA,Sportsbet,GWS Giants,103,46287,12586314,441685545,2148112875,NA
GWS Giants v Western Bulldogs,GWS Giants,Western Bulldogs,Player Goals,Ellie Gavalas,Western Bulldogs,0.5,2.65,NA,Sportsbet,GWS Giants,103,46287,12586314,441685545,2148112876,NA
GWS Giants v Western Bulldogs,GWS Giants,Western Bulldogs,Player Goals,Isabelle Pritchard,Western Bulldogs,0.5,2.15,NA,Sportsbet,GWS Giants,103,46287,12586314,441685545,2148112870,NA
GWS Giants v Western Bulldogs,GWS Giants,Western Bulldogs,Player Goals,Maggie Gorham,Western Bulldogs,0.5,2.8,NA,Sportsbet,GWS Giants,103,46287,12586314,441685545,2148112874,NA
GWS Giants v Western Bulldogs,GWS Giants,Western Bulldogs,Player Goals,Ellie Blackburn,Western Bulldogs,0.5,3.4,NA,Sportsbet,GWS Giants,103,46287,12586314,441685545,2148112868,NA
GWS Giants v Western Bulldogs,GWS Giants,Western Bulldogs,Player Goals,Jasmyn Smith,Western Bulldogs,0.5,3.35,NA,Sportsbet,GWS Giants,103,46287,12586314,441685545,2148426811,NA
GWS Giants v Western Bulldogs,GWS Giants,Western Bulldogs,Player Goals,Zarlie Goldsworthy,GWS Giants,1.5,2.08,NA,Sportsbet,Western Bulldogs,103,46287,12586314,441683676,2148106019,NA
GWS Giants v Western Bulldogs,GWS Giants,Western Bulldogs,Player Goals,Alyce Parker,GWS Giants,1.5,5.6,NA,Sportsbet,Western Bulldogs,103,46287,12586314,441683676,2148106016,NA
GWS Giants v Western Bulldogs,GWS Giants,Western Bulldogs,Player Goals,Georgia Garnett,GWS Giants,1.5,7.75,NA,Sportsbet,Western Bulldogs,103,46287,12586314,441683676,2148106020,NA
GWS Giants v Western Bulldogs,GWS Giants,Western Bulldogs,Player Goals,Isabel Huntington,GWS Giants,1.5,7,NA,Sportsbet,Western Bulldogs,103,46287,12586314,441683676,2148426808,NA
GWS Giants v Western Bulldogs,GWS Giants,Western Bulldogs,Player Goals,Jess Doyle,NA,1.5,7.5,NA,Sportsbet,NA,103,46287,12586314,441683676,2148106022,NA
GWS Giants v Western Bulldogs,GWS Giants,Western Bulldogs,Player Goals,Rebecca Beeson,GWS Giants,1.5,9.5,NA,Sportsbet,Western Bulldogs,103,46287,12586314,441683676,2148106017,NA
GWS Giants v Western Bulldogs,GWS Giants,Western Bulldogs,Player Goals,Alicia Eva,GWS Giants,1.5,11.5,NA,Sportsbet,Western Bulldogs,103,46287,12586314,441683676,2148106015,NA
GWS Giants v Western Bulldogs,GWS Giants,Western Bulldogs,Player Goals,Tarni Evans,GWS Giants,1.5,15,NA,Sportsbet,Western Bulldogs,103,46287,12586314,441683676,2148106018,NA
GWS Giants v Western Bulldogs,GWS Giants,Western Bulldogs,Player Goals,Haneen Zreika,GWS Giants,1.5,16,NA,Sportsbet,Western Bulldogs,103,46287,12586314,441683676,2148106021,NA
GWS Giants v Western Bulldogs,GWS Giants,Western Bulldogs,Player Goals,Mikayla Pauga,GWS Giants,1.5,16,NA,Sportsbet,Western Bulldogs,103,46287,12586314,441683676,2148106023,NA
GWS Giants v Western Bulldogs,GWS Giants,Western Bulldogs,Player Goals,Sarah Hartwig,Western Bulldogs,1.5,3.8,NA,Sportsbet,GWS Giants,103,46287,12586314,441683676,2148112441,NA
GWS Giants v Western Bulldogs,GWS Giants,Western Bulldogs,Player Goals,Deanna Berry,Western Bulldogs,1.5,6.25,NA,Sportsbet,GWS Giants,103,46287,12586314,441683676,2148112439,NA
GWS Giants v Western Bulldogs,GWS Giants,Western Bulldogs,Player Goals,Kristie-Lee Weston-Turner,Western Bulldogs,1.5,6,NA,Sportsbet,GWS Giants,103,46287,12586314,441683676,2148112447,NA
GWS Giants v Western Bulldogs,GWS Giants,Western Bulldogs,Player Goals,Alice Edmonds,Western Bulldogs,1.5,8.5,NA,Sportsbet,GWS Giants,103,46287,12586314,441683676,2148112442,NA
GWS Giants v Western Bulldogs,GWS Giants,Western Bulldogs,Player Goals,Isabelle Pritchard,Western Bulldogs,1.5,8,NA,Sportsbet,GWS Giants,103,46287,12586314,441683676,2148112440,NA
GWS Giants v Western Bulldogs,GWS Giants,Western Bulldogs,Player Goals,Analea McKee,Western Bulldogs,1.5,10.5,NA,Sportsbet,GWS Giants,103,46287,12586314,441683676,2148112445,NA
GWS Giants v Western Bulldogs,GWS Giants,Western Bulldogs,Player Goals,Ellie Gavalas,Western Bulldogs,1.5,11,NA,Sportsbet,GWS Giants,103,46287,12586314,441683676,2148112446,NA
GWS Giants v Western Bulldogs,GWS Giants,Western Bulldogs,Player Goals,Maggie Gorham,Western Bulldogs,1.5,13,NA,Sportsbet,GWS Giants,103,46287,12586314,441683676,2148112444,NA
GWS Giants v Western Bulldogs,GWS Giants,Western Bulldogs,Player Goals,Ellie Blackburn,Western Bulldogs,1.5,16,NA,Sportsbet,GWS Giants,103,46287,12586314,441683676,2148112438,NA
GWS Giants v Western Bulldogs,GWS Giants,Western Bulldogs,Player Goals,Jasmyn Smith,Western Bulldogs,1.5,16,NA,Sportsbet,GWS Giants,103,46287,12586314,441683676,2148426809,NA
GWS Giants v Western Bulldogs,GWS Giants,Western Bulldogs,Player Goals,Zarlie Goldsworthy,GWS Giants,2.5,4.6,NA,Sportsbet,Western Bulldogs,103,46287,12586314,441685546,2148112882,NA
GWS Giants v Western Bulldogs,GWS Giants,Western Bulldogs,Player Goals,Alyce Parker,GWS Giants,2.5,19,NA,Sportsbet,Western Bulldogs,103,46287,12586314,441685546,2148112879,NA
GWS Giants v Western Bulldogs,GWS Giants,Western Bulldogs,Player Goals,Isabel Huntington,GWS Giants,2.5,26,NA,Sportsbet,Western Bulldogs,103,46287,12586314,441685546,2148426812,NA
GWS Giants v Western Bulldogs,GWS Giants,Western Bulldogs,Player Goals,Georgia Garnett,GWS Giants,2.5,31,NA,Sportsbet,Western Bulldogs,103,46287,12586314,441685546,2148112883,NA
GWS Giants v Western Bulldogs,GWS Giants,Western Bulldogs,Player Goals,Jess Doyle,NA,2.5,31,NA,Sportsbet,NA,103,46287,12586314,441685546,2148112885,NA
GWS Giants v Western Bulldogs,GWS Giants,Western Bulldogs,Player Goals,Rebecca Beeson,GWS Giants,2.5,46,NA,Sportsbet,Western Bulldogs,103,46287,12586314,441685546,2148112880,NA
GWS Giants v Western Bulldogs,GWS Giants,Western Bulldogs,Player Goals,Sarah Hartwig,Western Bulldogs,2.5,11.5,NA,Sportsbet,GWS Giants,103,46287,12586314,441685546,2148112891,NA
GWS Giants v Western Bulldogs,GWS Giants,Western Bulldogs,Player Goals,Deanna Berry,Western Bulldogs,2.5,23,NA,Sportsbet,GWS Giants,103,46287,12586314,441685546,2148112889,NA
GWS Giants v Western Bulldogs,GWS Giants,Western Bulldogs,Player Goals,Kristie-Lee Weston-Turner,Western Bulldogs,2.5,23,NA,Sportsbet,GWS Giants,103,46287,12586314,441685546,2148112897,NA
GWS Giants v Western Bulldogs,GWS Giants,Western Bulldogs,Player Goals,Isabelle Pritchard,Western Bulldogs,2.5,29,NA,Sportsbet,GWS Giants,103,46287,12586314,441685546,2148112890,NA
GWS Giants v Western Bulldogs,GWS Giants,Western Bulldogs,Player Goals,Alice Edmonds,Western Bulldogs,2.5,34,NA,Sportsbet,GWS Giants,103,46287,12586314,441685546,2148112892,NA
Essendon Bombers v Fremantle Dockers,Essendon Bombers,Fremantle Dockers,Player Goals,Amber Clarke,Essendon Bombers,0.5,1.71,NA,Sportsbet,Fremantle Dockers,103,46287,12586315,441686928,2148121828,NA
Essendon Bombers v Fremantle Dockers,Essendon Bombers,Fremantle Dockers,Player Goals,Bonnie Toogood,Essendon Bombers,0.5,1.21,NA,Sportsbet,Fremantle Dockers,103,46287,12586315,441686928,2148121821,NA
Essendon Bombers v Fremantle Dockers,Essendon Bombers,Fremantle Dockers,Player Goals,Sophie Alexander,Essendon Bombers,0.5,1.82,NA,Sportsbet,Fremantle Dockers,103,46287,12586315,441686928,2148121824,NA
Essendon Bombers v Fremantle Dockers,Essendon Bombers,Fremantle Dockers,Player Goals,Amelia Radford,Essendon Bombers,0.5,2.6,NA,Sportsbet,Fremantle Dockers,103,46287,12586315,441686928,2148121829,NA
Essendon Bombers v Fremantle Dockers,Essendon Bombers,Fremantle Dockers,Player Goals,Daria Bannister,Essendon Bombers,0.5,2.45,NA,Sportsbet,Fremantle Dockers,103,46287,12586315,441686928,2148121825,NA
Essendon Bombers v Fremantle Dockers,Essendon Bombers,Fremantle Dockers,Player Goals,Madison Prespakis,Essendon Bombers,0.5,2,NA,Sportsbet,Fremantle Dockers,103,46287,12586315,441686928,2148121822,NA
Essendon Bombers v Fremantle Dockers,Essendon Bombers,Fremantle Dockers,Player Goals,Amy Gaylor,Essendon Bombers,0.5,3.2,NA,Sportsbet,Fremantle Dockers,103,46287,12586315,441686928,2148431054,NA
Essendon Bombers v Fremantle Dockers,Essendon Bombers,Fremantle Dockers,Player Goals,Georgia Gee,Essendon Bombers,0.5,3.1,NA,Sportsbet,Fremantle Dockers,103,46287,12586315,441686928,2148121826,NA
Essendon Bombers v Fremantle Dockers,Essendon Bombers,Fremantle Dockers,Player Goals,Georgia Nanscawen,Essendon Bombers,0.5,3.25,NA,Sportsbet,Fremantle Dockers,103,46287,12586315,441686928,2148431052,NA
Essendon Bombers v Fremantle Dockers,Essendon Bombers,Fremantle Dockers,Player Goals,Kodi Jacques,Essendon Bombers,0.5,3.25,NA,Sportsbet,Fremantle Dockers,103,46287,12586315,441686928,2148431053,NA
Essendon Bombers v Fremantle Dockers,Essendon Bombers,Fremantle Dockers,Player Goals,Maddison Gay,Essendon Bombers,0.5,3.35,NA,Sportsbet,Fremantle Dockers,103,46287,12586315,441686928,2148121823,NA
Essendon Bombers v Fremantle Dockers,Essendon Bombers,Fremantle Dockers,Player Goals,Aine Tighe,Fremantle Dockers,0.5,1.41,NA,Sportsbet,Essendon Bombers,103,46287,12586315,441686928,2148121835,NA
Essendon Bombers v Fremantle Dockers,Essendon Bombers,Fremantle Dockers,Player Goals,Ebony Antonio,Fremantle Dockers,0.5,1.9,NA,Sportsbet,Essendon Bombers,103,46287,12586315,441686928,2148121831,NA
Essendon Bombers v Fremantle Dockers,Essendon Bombers,Fremantle Dockers,Player Goals,Aisling McCarthy,Fremantle Dockers,0.5,2.08,NA,Sportsbet,Essendon Bombers,103,46287,12586315,441686928,2148121834,NA
Essendon Bombers v Fremantle Dockers,Essendon Bombers,Fremantle Dockers,Player Goals,Gabby O'Sullivan,Fremantle Dockers,0.5,2.5,NA,Sportsbet,Essendon Bombers,103,46287,12586315,441686928,2148121836,NA
Essendon Bombers v Fremantle Dockers,Essendon Bombers,Fremantle Dockers,Player Goals,Hayley Miller,Fremantle Dockers,0.5,2.4,NA,Sportsbet,Essendon Bombers,103,46287,12586315,441686928,2148121832,NA
Essendon Bombers v Fremantle Dockers,Essendon Bombers,Fremantle Dockers,Player Goals,Megan Kauffman,Fremantle Dockers,0.5,2.7,NA,Sportsbet,Essendon Bombers,103,46287,12586315,441686928,2148121833,NA
Essendon Bombers v Fremantle Dockers,Essendon Bombers,Fremantle Dockers,Player Goals,Orlagh Lally,Fremantle Dockers,0.5,2.5,NA,Sportsbet,Essendon Bombers,103,46287,12586315,441686928,2148121839,NA
Essendon Bombers v Fremantle Dockers,Essendon Bombers,Fremantle Dockers,Player Goals,Airlie Runnalls,Fremantle Dockers,0.5,3.8,NA,Sportsbet,Essendon Bombers,103,46287,12586315,441686928,2148121837,NA
Essendon Bombers v Fremantle Dockers,Essendon Bombers,Fremantle Dockers,Player Goals,Amy Mulholland,Fremantle Dockers,0.5,3.5,NA,Sportsbet,Essendon Bombers,103,46287,12586315,441686928,2148121838,NA
Essendon Bombers v Fremantle Dockers,Essendon Bombers,Fremantle Dockers,Player Goals,Gabby Newton,NA,0.5,3.5,NA,Sportsbet,NA,103,46287,12586315,441686928,2148121840,NA
Essendon Bombers v Fremantle Dockers,Essendon Bombers,Fremantle Dockers,Player Goals,Bonnie Toogood,Essendon Bombers,1.5,2.15,NA,Sportsbet,Fremantle Dockers,103,46287,12586315,441685979,2148114480,NA
Essendon Bombers v Fremantle Dockers,Essendon Bombers,Fremantle Dockers,Player Goals,Amber Clarke,Essendon Bombers,1.5,4.7,NA,Sportsbet,Fremantle Dockers,103,46287,12586315,441685979,2148114487,NA
Essendon Bombers v Fremantle Dockers,Essendon Bombers,Fremantle Dockers,Player Goals,Sophie Alexander,Essendon Bombers,1.5,5.4,NA,Sportsbet,Fremantle Dockers,103,46287,12586315,441685979,2148114483,NA
Essendon Bombers v Fremantle Dockers,Essendon Bombers,Fremantle Dockers,Player Goals,Madison Prespakis,Essendon Bombers,1.5,6.25,NA,Sportsbet,Fremantle Dockers,103,46287,12586315,441685979,2148114481,NA
Essendon Bombers v Fremantle Dockers,Essendon Bombers,Fremantle Dockers,Player Goals,Daria Bannister,Essendon Bombers,1.5,10,NA,Sportsbet,Fremantle Dockers,103,46287,12586315,441685979,2148114484,NA
Essendon Bombers v Fremantle Dockers,Essendon Bombers,Fremantle Dockers,Player Goals,Amelia Radford,Essendon Bombers,1.5,11.5,NA,Sportsbet,Fremantle Dockers,103,46287,12586315,441685979,2148114488,NA
Essendon Bombers v Fremantle Dockers,Essendon Bombers,Fremantle Dockers,Player Goals,Georgia Gee,Essendon Bombers,1.5,15,NA,Sportsbet,Fremantle Dockers,103,46287,12586315,441685979,2148114485,NA
Essendon Bombers v Fremantle Dockers,Essendon Bombers,Fremantle Dockers,Player Goals,Georgia Nanscawen,Essendon Bombers,1.5,15,NA,Sportsbet,Fremantle Dockers,103,46287,12586315,441685979,2148431049,NA
Essendon Bombers v Fremantle Dockers,Essendon Bombers,Fremantle Dockers,Player Goals,Maddison Gay,Essendon Bombers,1.5,15,NA,Sportsbet,Fremantle Dockers,103,46287,12586315,441685979,2148114482,NA
Essendon Bombers v Fremantle Dockers,Essendon Bombers,Fremantle Dockers,Player Goals,Amy Gaylor,Essendon Bombers,1.5,16,NA,Sportsbet,Fremantle Dockers,103,46287,12586315,441685979,2148431051,NA
Essendon Bombers v Fremantle Dockers,Essendon Bombers,Fremantle Dockers,Player Goals,Kodi Jacques,Essendon Bombers,1.5,16,NA,Sportsbet,Fremantle Dockers,103,46287,12586315,441685979,2148431050,NA
Essendon Bombers v Fremantle Dockers,Essendon Bombers,Fremantle Dockers,Player Goals,Aine Tighe,Fremantle Dockers,1.5,3.1,NA,Sportsbet,Essendon Bombers,103,46287,12586315,441685979,2148119938,NA
Essendon Bombers v Fremantle Dockers,Essendon Bombers,Fremantle Dockers,Player Goals,Ebony Antonio,Fremantle Dockers,1.5,6,NA,Sportsbet,Essendon Bombers,103,46287,12586315,441685979,2148119934,NA
Essendon Bombers v Fremantle Dockers,Essendon Bombers,Fremantle Dockers,Player Goals,Aisling McCarthy,Fremantle Dockers,1.5,7.25,NA,Sportsbet,Essendon Bombers,103,46287,12586315,441685979,2148119937,NA
Essendon Bombers v Fremantle Dockers,Essendon Bombers,Fremantle Dockers,Player Goals,Hayley Miller,Fremantle Dockers,1.5,9.5,NA,Sportsbet,Essendon Bombers,103,46287,12586315,441685979,2148119935,NA
Essendon Bombers v Fremantle Dockers,Essendon Bombers,Fremantle Dockers,Player Goals,Orlagh Lally,Fremantle Dockers,1.5,9.75,NA,Sportsbet,Essendon Bombers,103,46287,12586315,441685979,2148119942,NA
Essendon Bombers v Fremantle Dockers,Essendon Bombers,Fremantle Dockers,Player Goals,Gabby O'Sullivan,Fremantle Dockers,1.5,10.5,NA,Sportsbet,Essendon Bombers,103,46287,12586315,441685979,2148119939,NA
Essendon Bombers v Fremantle Dockers,Essendon Bombers,Fremantle Dockers,Player Goals,Megan Kauffman,Fremantle Dockers,1.5,12.5,NA,Sportsbet,Essendon Bombers,103,46287,12586315,441685979,2148119936,NA
Essendon Bombers v Fremantle Dockers,Essendon Bombers,Fremantle Dockers,Player Goals,Gabby Newton,NA,1.5,18,NA,Sportsbet,NA,103,46287,12586315,441685979,2148119943,NA
Essendon Bombers v Fremantle Dockers,Essendon Bombers,Fremantle Dockers,Player Goals,Amy Mulholland,Fremantle Dockers,1.5,19,NA,Sportsbet,Essendon Bombers,103,46287,12586315,441685979,2148119941,NA
Essendon Bombers v Fremantle Dockers,Essendon Bombers,Fremantle Dockers,Player Goals,Bonnie Toogood,Essendon Bombers,2.5,5,NA,Sportsbet,Fremantle Dockers,103,46287,12586315,441686929,2148121841,NA
Essendon Bombers v Fremantle Dockers,Essendon Bombers,Fremantle Dockers,Player Goals,Amber Clarke,Essendon Bombers,2.5,15,NA,Sportsbet,Fremantle Dockers,103,46287,12586315,441686929,2148121848,NA
Essendon Bombers v Fremantle Dockers,Essendon Bombers,Fremantle Dockers,Player Goals,Sophie Alexander,Essendon Bombers,2.5,18,NA,Sportsbet,Fremantle Dockers,103,46287,12586315,441686929,2148121844,NA
Essendon Bombers v Fremantle Dockers,Essendon Bombers,Fremantle Dockers,Player Goals,Madison Prespakis,Essendon Bombers,2.5,23,NA,Sportsbet,Fremantle Dockers,103,46287,12586315,441686929,2148121842,NA
Essendon Bombers v Fremantle Dockers,Essendon Bombers,Fremantle Dockers,Player Goals,Aine Tighe,Fremantle Dockers,2.5,8.5,NA,Sportsbet,Essendon Bombers,103,46287,12586315,441686929,2148121855,NA
Essendon Bombers v Fremantle Dockers,Essendon Bombers,Fremantle Dockers,Player Goals,Ebony Antonio,Fremantle Dockers,2.5,19,NA,Sportsbet,Essendon Bombers,103,46287,12586315,441686929,2148121851,NA
Essendon Bombers v Fremantle Dockers,Essendon Bombers,Fremantle Dockers,Player Goals,Aisling McCarthy,Fremantle Dockers,2.5,29,NA,Sportsbet,Essendon Bombers,103,46287,12586315,441686929,2148121854,NA
Essendon Bombers v Fremantle Dockers,Essendon Bombers,Fremantle Dockers,Player Goals,Hayley Miller,Fremantle Dockers,2.5,46,NA,Sportsbet,Essendon Bombers,103,46287,12586315,441686929,2148121852,NA
Gold Coast Suns v St Kilda Saints,Gold Coast Suns,St Kilda Saints,Player Goals,Jacqui Dupuy,NA,0.5,1.5,NA,Sportsbet,NA,103,46287,12586316,441688864,2148129834,NA
Gold Coast Suns v St Kilda Saints,Gold Coast Suns,St Kilda Saints,Player Goals,Jamie Stanton,Gold Coast Suns,0.5,1.29,NA,Sportsbet,St Kilda Saints,103,46287,12586316,441688864,2148129832,NA
Gold Coast Suns v St Kilda Saints,Gold Coast Suns,St Kilda Saints,Player Goals,Tara Bohanna,Gold Coast Suns,0.5,1.36,NA,Sportsbet,St Kilda Saints,103,46287,12586316,441688864,2148129833,NA
Gold Coast Suns v St Kilda Saints,Gold Coast Suns,St Kilda Saints,Player Goals,Claudia Whitfort,Gold Coast Suns,0.5,2.35,NA,Sportsbet,St Kilda Saints,103,46287,12586316,441688864,2148129829,NA
Gold Coast Suns v St Kilda Saints,Gold Coast Suns,St Kilda Saints,Player Goals,Jordan Membrey,Gold Coast Suns,0.5,2.4,NA,Sportsbet,St Kilda Saints,103,46287,12586316,441688864,2148129835,NA
Gold Coast Suns v St Kilda Saints,Gold Coast Suns,St Kilda Saints,Player Goals,Charlie Rowbottom,Gold Coast Suns,0.5,3.25,NA,Sportsbet,St Kilda Saints,103,46287,12586316,441688864,2148129830,NA
Gold Coast Suns v St Kilda Saints,Gold Coast Suns,St Kilda Saints,Player Goals,Darcie Davies,Gold Coast Suns,0.5,3.2,NA,Sportsbet,St Kilda Saints,103,46287,12586316,441688864,2148129836,NA
Gold Coast Suns v St Kilda Saints,Gold Coast Suns,St Kilda Saints,Player Goals,Elise Barwick,Gold Coast Suns,0.5,3.35,NA,Sportsbet,St Kilda Saints,103,46287,12586316,441688864,2148129838,NA
Gold Coast Suns v St Kilda Saints,Gold Coast Suns,St Kilda Saints,Player Goals,Georgia Clayden,Gold Coast Suns,0.5,3.3,NA,Sportsbet,St Kilda Saints,103,46287,12586316,441688864,2148129831,NA
Gold Coast Suns v St Kilda Saints,Gold Coast Suns,St Kilda Saints,Player Goals,Niamh McLaughlin,Gold Coast Suns,0.5,3.1,NA,Sportsbet,St Kilda Saints,103,46287,12586316,441688864,2148129837,NA
Gold Coast Suns v St Kilda Saints,Gold Coast Suns,St Kilda Saints,Player Goals,Jaimee Lambert,St Kilda Saints,0.5,1.9,NA,Sportsbet,Gold Coast Suns,103,46287,12586316,441688864,2148129842,NA
Gold Coast Suns v St Kilda Saints,Gold Coast Suns,St Kilda Saints,Player Goals,Jesse Wardlaw,St Kilda Saints,0.5,1.37,NA,Sportsbet,Gold Coast Suns,103,46287,12586316,441688864,2148129847,NA
Gold Coast Suns v St Kilda Saints,Gold Coast Suns,St Kilda Saints,Player Goals,Ashleigh Richards,St Kilda Saints,0.5,2.55,NA,Sportsbet,Gold Coast Suns,103,46287,12586316,441688864,2148129845,NA
Gold Coast Suns v St Kilda Saints,Gold Coast Suns,St Kilda Saints,Player Goals,Ella Friend,St Kilda Saints,0.5,2.65,NA,Sportsbet,Gold Coast Suns,103,46287,12586316,441688864,2148129844,NA
Gold Coast Suns v St Kilda Saints,Gold Coast Suns,St Kilda Saints,Player Goals,Hannah Stuart,St Kilda Saints,0.5,2.9,NA,Sportsbet,Gold Coast Suns,103,46287,12586316,441688864,2148434226,NA
Gold Coast Suns v St Kilda Saints,Gold Coast Suns,St Kilda Saints,Player Goals,J'Noemi Anderson,St Kilda Saints,0.5,2.6,NA,Sportsbet,Gold Coast Suns,103,46287,12586316,441688864,2148129848,NA
Gold Coast Suns v St Kilda Saints,Gold Coast Suns,St Kilda Saints,Player Goals,Nicola Xenos,St Kilda Saints,0.5,2.07,NA,Sportsbet,Gold Coast Suns,103,46287,12586316,441688864,2148129843,NA
Gold Coast Suns v St Kilda Saints,Gold Coast Suns,St Kilda Saints,Player Goals,Tyanna Smith,St Kilda Saints,0.5,2.7,NA,Sportsbet,Gold Coast Suns,103,46287,12586316,441688864,2148129841,NA
Gold Coast Suns v St Kilda Saints,Gold Coast Suns,St Kilda Saints,Player Goals,Grace Kelly,St Kilda Saints,0.5,3.6,NA,Sportsbet,Gold Coast Suns,103,46287,12586316,441688864,2148129846,NA
Gold Coast Suns v St Kilda Saints,Gold Coast Suns,St Kilda Saints,Player Goals,Olivia Vesely,St Kilda Saints,0.5,3.15,NA,Sportsbet,Gold Coast Suns,103,46287,12586316,441688864,2148129840,NA
Gold Coast Suns v St Kilda Saints,Gold Coast Suns,St Kilda Saints,Player Goals,Jamie Stanton,Gold Coast Suns,1.5,2.3,NA,Sportsbet,St Kilda Saints,103,46287,12586316,441688440,2148128142,NA
Gold Coast Suns v St Kilda Saints,Gold Coast Suns,St Kilda Saints,Player Goals,Tara Bohanna,Gold Coast Suns,1.5,2.85,NA,Sportsbet,St Kilda Saints,103,46287,12586316,441688440,2148128143,NA
Gold Coast Suns v St Kilda Saints,Gold Coast Suns,St Kilda Saints,Player Goals,Jacqui Dupuy,NA,1.5,3.45,NA,Sportsbet,NA,103,46287,12586316,441688440,2148128144,NA
Gold Coast Suns v St Kilda Saints,Gold Coast Suns,St Kilda Saints,Player Goals,Claudia Whitfort,Gold Coast Suns,1.5,9.75,NA,Sportsbet,St Kilda Saints,103,46287,12586316,441688440,2148128139,NA
Gold Coast Suns v St Kilda Saints,Gold Coast Suns,St Kilda Saints,Player Goals,Jordan Membrey,Gold Coast Suns,1.5,10,NA,Sportsbet,St Kilda Saints,103,46287,12586316,441688440,2148128145,NA
Gold Coast Suns v St Kilda Saints,Gold Coast Suns,St Kilda Saints,Player Goals,Niamh McLaughlin,Gold Coast Suns,1.5,14,NA,Sportsbet,St Kilda Saints,103,46287,12586316,441688440,2148128147,NA
Gold Coast Suns v St Kilda Saints,Gold Coast Suns,St Kilda Saints,Player Goals,Charlie Rowbottom,Gold Coast Suns,1.5,15,NA,Sportsbet,St Kilda Saints,103,46287,12586316,441688440,2148128140,NA
Gold Coast Suns v St Kilda Saints,Gold Coast Suns,St Kilda Saints,Player Goals,Darcie Davies,Gold Coast Suns,1.5,15,NA,Sportsbet,St Kilda Saints,103,46287,12586316,441688440,2148128146,NA
Gold Coast Suns v St Kilda Saints,Gold Coast Suns,St Kilda Saints,Player Goals,Elise Barwick,Gold Coast Suns,1.5,16,NA,Sportsbet,St Kilda Saints,103,46287,12586316,441688440,2148128148,NA
Gold Coast Suns v St Kilda Saints,Gold Coast Suns,St Kilda Saints,Player Goals,Georgia Clayden,Gold Coast Suns,1.5,16,NA,Sportsbet,St Kilda Saints,103,46287,12586316,441688440,2148128141,NA
Gold Coast Suns v St Kilda Saints,Gold Coast Suns,St Kilda Saints,Player Goals,Jesse Wardlaw,St Kilda Saints,1.5,3,NA,Sportsbet,Gold Coast Suns,103,46287,12586316,441688440,2148129413,NA
Gold Coast Suns v St Kilda Saints,Gold Coast Suns,St Kilda Saints,Player Goals,Jaimee Lambert,St Kilda Saints,1.5,5.9,NA,Sportsbet,Gold Coast Suns,103,46287,12586316,441688440,2148129408,NA
Gold Coast Suns v St Kilda Saints,Gold Coast Suns,St Kilda Saints,Player Goals,Nicola Xenos,St Kilda Saints,1.5,6.75,NA,Sportsbet,Gold Coast Suns,103,46287,12586316,441688440,2148129409,NA
Gold Coast Suns v St Kilda Saints,Gold Coast Suns,St Kilda Saints,Player Goals,Ashleigh Richards,St Kilda Saints,1.5,10.5,NA,Sportsbet,Gold Coast Suns,103,46287,12586316,441688440,2148129411,NA
Gold Coast Suns v St Kilda Saints,Gold Coast Suns,St Kilda Saints,Player Goals,Ella Friend,St Kilda Saints,1.5,11.5,NA,Sportsbet,Gold Coast Suns,103,46287,12586316,441688440,2148129410,NA
Gold Coast Suns v St Kilda Saints,Gold Coast Suns,St Kilda Saints,Player Goals,J'Noemi Anderson,St Kilda Saints,1.5,11.5,NA,Sportsbet,Gold Coast Suns,103,46287,12586316,441688440,2148129414,NA
Gold Coast Suns v St Kilda Saints,Gold Coast Suns,St Kilda Saints,Player Goals,Tyanna Smith,St Kilda Saints,1.5,12,NA,Sportsbet,Gold Coast Suns,103,46287,12586316,441688440,2148129407,NA
Gold Coast Suns v St Kilda Saints,Gold Coast Suns,St Kilda Saints,Player Goals,Hannah Stuart,St Kilda Saints,1.5,13,NA,Sportsbet,Gold Coast Suns,103,46287,12586316,441688440,2148434225,NA
Gold Coast Suns v St Kilda Saints,Gold Coast Suns,St Kilda Saints,Player Goals,Olivia Vesely,St Kilda Saints,1.5,15,NA,Sportsbet,Gold Coast Suns,103,46287,12586316,441688440,2148129406,NA
Gold Coast Suns v St Kilda Saints,Gold Coast Suns,St Kilda Saints,Player Goals,Grace Kelly,St Kilda Saints,1.5,19,NA,Sportsbet,Gold Coast Suns,103,46287,12586316,441688440,2148129412,NA
Gold Coast Suns v St Kilda Saints,Gold Coast Suns,St Kilda Saints,Player Goals,Jamie Stanton,Gold Coast Suns,2.5,5.5,NA,Sportsbet,St Kilda Saints,103,46287,12586316,441688865,2148129852,NA
Gold Coast Suns v St Kilda Saints,Gold Coast Suns,St Kilda Saints,Player Goals,Tara Bohanna,Gold Coast Suns,2.5,7.5,NA,Sportsbet,St Kilda Saints,103,46287,12586316,441688865,2148129853,NA
Gold Coast Suns v St Kilda Saints,Gold Coast Suns,St Kilda Saints,Player Goals,Jacqui Dupuy,NA,2.5,9.5,NA,Sportsbet,NA,103,46287,12586316,441688865,2148129854,NA
Gold Coast Suns v St Kilda Saints,Gold Coast Suns,St Kilda Saints,Player Goals,Claudia Whitfort,Gold Coast Suns,2.5,46,NA,Sportsbet,St Kilda Saints,103,46287,12586316,441688865,2148129849,NA
Gold Coast Suns v St Kilda Saints,Gold Coast Suns,St Kilda Saints,Player Goals,Jesse Wardlaw,St Kilda Saints,2.5,8,NA,Sportsbet,Gold Coast Suns,103,46287,12586316,441688865,2148129867,NA
Gold Coast Suns v St Kilda Saints,Gold Coast Suns,St Kilda Saints,Player Goals,Jaimee Lambert,St Kilda Saints,2.5,19,NA,Sportsbet,Gold Coast Suns,103,46287,12586316,441688865,2148129862,NA
Gold Coast Suns v St Kilda Saints,Gold Coast Suns,St Kilda Saints,Player Goals,Nicola Xenos,St Kilda Saints,2.5,23,NA,Sportsbet,Gold Coast Suns,103,46287,12586316,441688865,2148129863,NA
Gold Coast Suns v St Kilda Saints,Gold Coast Suns,St Kilda Saints,Player Goals,Ashleigh Richards,St Kilda Saints,2.5,46,NA,Sportsbet,Gold Coast Suns,103,46287,12586316,441688865,2148129865,NA
Geelong Cats v Melbourne Demons,Geelong Cats,Melbourne Demons,Player Goals,Aishling Moloney,Geelong Cats,0.5,1.63,NA,Sportsbet,Melbourne Demons,103,46287,12586317,441689432,2148132162,NA
Geelong Cats v Melbourne Demons,Geelong Cats,Melbourne Demons,Player Goals,Jacqueline Parry,Geelong Cats,0.5,1.29,NA,Sportsbet,Melbourne Demons,103,46287,12586317,441689432,2148132166,NA
Geelong Cats v Melbourne Demons,Geelong Cats,Melbourne Demons,Player Goals,Amy McDonald,Geelong Cats,0.5,2.4,NA,Sportsbet,Melbourne Demons,103,46287,12586317,441689432,2148132159,NA
Geelong Cats v Melbourne Demons,Geelong Cats,Melbourne Demons,Player Goals,Georgie Prespakis,Geelong Cats,0.5,2.6,NA,Sportsbet,Melbourne Demons,103,46287,12586317,441689432,2148132161,NA
Geelong Cats v Melbourne Demons,Geelong Cats,Melbourne Demons,Player Goals,Kate Darby,Geelong Cats,0.5,2.75,NA,Sportsbet,Melbourne Demons,103,46287,12586317,441689432,2148132165,NA
Geelong Cats v Melbourne Demons,Geelong Cats,Melbourne Demons,Player Goals,Kate Kenny,Geelong Cats,0.5,2.35,NA,Sportsbet,Melbourne Demons,103,46287,12586317,441689432,2148132168,NA
Geelong Cats v Melbourne Demons,Geelong Cats,Melbourne Demons,Player Goals,Nina Morrison,Geelong Cats,0.5,2.15,NA,Sportsbet,Melbourne Demons,103,46287,12586317,441689432,2148132160,NA
Geelong Cats v Melbourne Demons,Geelong Cats,Melbourne Demons,Player Goals,Darcy Moloney,Geelong Cats,0.5,3.4,NA,Sportsbet,Melbourne Demons,103,46287,12586317,441689432,2148132164,NA
Geelong Cats v Melbourne Demons,Geelong Cats,Melbourne Demons,Player Goals,Julia Crockett-Grills,Geelong Cats,0.5,3.25,NA,Sportsbet,Melbourne Demons,103,46287,12586317,441689432,2148132163,NA
Geelong Cats v Melbourne Demons,Geelong Cats,Melbourne Demons,Player Goals,Kate Surman,Geelong Cats,0.5,3.15,NA,Sportsbet,Melbourne Demons,103,46287,12586317,441689432,2148132167,NA
Geelong Cats v Melbourne Demons,Geelong Cats,Melbourne Demons,Player Goals,Alyssa Bannan,Melbourne Demons,0.5,1.73,NA,Sportsbet,Geelong Cats,103,46287,12586317,441689432,2148132177,NA
Geelong Cats v Melbourne Demons,Geelong Cats,Melbourne Demons,Player Goals,Eden Zanker,Melbourne Demons,0.5,1.4,NA,Sportsbet,Geelong Cats,103,46287,12586317,441689432,2148132175,NA
Geelong Cats v Melbourne Demons,Geelong Cats,Melbourne Demons,Player Goals,Kate Hore,Melbourne Demons,0.5,1.34,NA,Sportsbet,Geelong Cats,103,46287,12586317,441689432,2148132170,NA
Geelong Cats v Melbourne Demons,Geelong Cats,Melbourne Demons,Player Goals,Karen Paxman,NA,0.5,2.65,NA,Sportsbet,NA,103,46287,12586317,441689432,2148132169,NA
Geelong Cats v Melbourne Demons,Geelong Cats,Melbourne Demons,Player Goals,Ryleigh Wotherspoon,Melbourne Demons,0.5,2.2,NA,Sportsbet,Geelong Cats,103,46287,12586317,441689432,2148132178,NA
Geelong Cats v Melbourne Demons,Geelong Cats,Melbourne Demons,Player Goals,Tyla Hanks,Melbourne Demons,0.5,2.7,NA,Sportsbet,Geelong Cats,103,46287,12586317,441689432,2148132172,NA
Geelong Cats v Melbourne Demons,Geelong Cats,Melbourne Demons,Player Goals,Eliza McNamara,Melbourne Demons,0.5,3.45,NA,Sportsbet,Geelong Cats,103,46287,12586317,441689432,2148132173,NA
Geelong Cats v Melbourne Demons,Geelong Cats,Melbourne Demons,Player Goals,Lily Mithen,Melbourne Demons,0.5,3.2,NA,Sportsbet,Geelong Cats,103,46287,12586317,441689432,2148132171,NA
Geelong Cats v Melbourne Demons,Geelong Cats,Melbourne Demons,Player Goals,Megan Fitzsimon,Melbourne Demons,0.5,3.45,NA,Sportsbet,Geelong Cats,103,46287,12586317,441689432,2148132176,NA
Geelong Cats v Melbourne Demons,Geelong Cats,Melbourne Demons,Player Goals,Sarah Lampard,Melbourne Demons,0.5,3.45,NA,Sportsbet,Geelong Cats,103,46287,12586317,441689432,2148132174,NA
Geelong Cats v Melbourne Demons,Geelong Cats,Melbourne Demons,Player Goals,Jacqueline Parry,Geelong Cats,1.5,2.35,NA,Sportsbet,Melbourne Demons,103,46287,12586317,441689088,2148130863,NA
Geelong Cats v Melbourne Demons,Geelong Cats,Melbourne Demons,Player Goals,Aishling Moloney,Geelong Cats,1.5,4.2,NA,Sportsbet,Melbourne Demons,103,46287,12586317,441689088,2148130859,NA
Geelong Cats v Melbourne Demons,Geelong Cats,Melbourne Demons,Player Goals,Nina Morrison,Geelong Cats,1.5,7.5,NA,Sportsbet,Melbourne Demons,103,46287,12586317,441689088,2148130857,NA
Geelong Cats v Melbourne Demons,Geelong Cats,Melbourne Demons,Player Goals,Amy McDonald,Geelong Cats,1.5,9.25,NA,Sportsbet,Melbourne Demons,103,46287,12586317,441689088,2148130856,NA
Geelong Cats v Melbourne Demons,Geelong Cats,Melbourne Demons,Player Goals,Kate Kenny,Geelong Cats,1.5,9.25,NA,Sportsbet,Melbourne Demons,103,46287,12586317,441689088,2148130865,NA
Geelong Cats v Melbourne Demons,Geelong Cats,Melbourne Demons,Player Goals,Georgie Prespakis,Geelong Cats,1.5,11,NA,Sportsbet,Melbourne Demons,103,46287,12586317,441689088,2148130858,NA
Geelong Cats v Melbourne Demons,Geelong Cats,Melbourne Demons,Player Goals,Kate Darby,Geelong Cats,1.5,12.5,NA,Sportsbet,Melbourne Demons,103,46287,12586317,441689088,2148130862,NA
Geelong Cats v Melbourne Demons,Geelong Cats,Melbourne Demons,Player Goals,Kate Surman,Geelong Cats,1.5,14,NA,Sportsbet,Melbourne Demons,103,46287,12586317,441689088,2148130864,NA
Geelong Cats v Melbourne Demons,Geelong Cats,Melbourne Demons,Player Goals,Julia Crockett-Grills,Geelong Cats,1.5,15,NA,Sportsbet,Melbourne Demons,103,46287,12586317,441689088,2148130860,NA
Geelong Cats v Melbourne Demons,Geelong Cats,Melbourne Demons,Player Goals,Darcy Moloney,Geelong Cats,1.5,16,NA,Sportsbet,Melbourne Demons,103,46287,12586317,441689088,2148130861,NA
Geelong Cats v Melbourne Demons,Geelong Cats,Melbourne Demons,Player Goals,Kate Hore,Melbourne Demons,1.5,2.75,NA,Sportsbet,Geelong Cats,103,46287,12586317,441689088,2148131771,NA
Geelong Cats v Melbourne Demons,Geelong Cats,Melbourne Demons,Player Goals,Eden Zanker,Melbourne Demons,1.5,3.05,NA,Sportsbet,Geelong Cats,103,46287,12586317,441689088,2148131776,NA
Geelong Cats v Melbourne Demons,Geelong Cats,Melbourne Demons,Player Goals,Alyssa Bannan,Melbourne Demons,1.5,4.75,NA,Sportsbet,Geelong Cats,103,46287,12586317,441689088,2148131778,NA
Geelong Cats v Melbourne Demons,Geelong Cats,Melbourne Demons,Player Goals,Ryleigh Wotherspoon,Melbourne Demons,1.5,7.75,NA,Sportsbet,Geelong Cats,103,46287,12586317,441689088,2148131779,NA
Geelong Cats v Melbourne Demons,Geelong Cats,Melbourne Demons,Player Goals,Karen Paxman,NA,1.5,12,NA,Sportsbet,NA,103,46287,12586317,441689088,2148131770,NA
Geelong Cats v Melbourne Demons,Geelong Cats,Melbourne Demons,Player Goals,Tyla Hanks,Melbourne Demons,1.5,12,NA,Sportsbet,Geelong Cats,103,46287,12586317,441689088,2148131773,NA
Geelong Cats v Melbourne Demons,Geelong Cats,Melbourne Demons,Player Goals,Lily Mithen,Melbourne Demons,1.5,15,NA,Sportsbet,Geelong Cats,103,46287,12586317,441689088,2148131772,NA
Geelong Cats v Melbourne Demons,Geelong Cats,Melbourne Demons,Player Goals,Eliza McNamara,Melbourne Demons,1.5,17,NA,Sportsbet,Geelong Cats,103,46287,12586317,441689088,2148131774,NA
Geelong Cats v Melbourne Demons,Geelong Cats,Melbourne Demons,Player Goals,Megan Fitzsimon,Melbourne Demons,1.5,17,NA,Sportsbet,Geelong Cats,103,46287,12586317,441689088,2148131777,NA
Geelong Cats v Melbourne Demons,Geelong Cats,Melbourne Demons,Player Goals,Sarah Lampard,Melbourne Demons,1.5,17,NA,Sportsbet,Geelong Cats,103,46287,12586317,441689088,2148131775,NA
Geelong Cats v Melbourne Demons,Geelong Cats,Melbourne Demons,Player Goals,Jacqueline Parry,Geelong Cats,2.5,5.6,NA,Sportsbet,Melbourne Demons,103,46287,12586317,441689433,2148132186,NA
Geelong Cats v Melbourne Demons,Geelong Cats,Melbourne Demons,Player Goals,Aishling Moloney,Geelong Cats,2.5,13,NA,Sportsbet,Melbourne Demons,103,46287,12586317,441689433,2148132182,NA
Geelong Cats v Melbourne Demons,Geelong Cats,Melbourne Demons,Player Goals,Nina Morrison,Geelong Cats,2.5,31,NA,Sportsbet,Melbourne Demons,103,46287,12586317,441689433,2148132180,NA
Geelong Cats v Melbourne Demons,Geelong Cats,Melbourne Demons,Player Goals,Amy McDonald,Geelong Cats,2.5,46,NA,Sportsbet,Melbourne Demons,103,46287,12586317,441689433,2148132179,NA
Geelong Cats v Melbourne Demons,Geelong Cats,Melbourne Demons,Player Goals,Kate Kenny,Geelong Cats,2.5,46,NA,Sportsbet,Melbourne Demons,103,46287,12586317,441689433,2148132188,NA
Geelong Cats v Melbourne Demons,Geelong Cats,Melbourne Demons,Player Goals,Kate Hore,Melbourne Demons,2.5,7.25,NA,Sportsbet,Geelong Cats,103,46287,12586317,441689433,2148132190,NA
Geelong Cats v Melbourne Demons,Geelong Cats,Melbourne Demons,Player Goals,Eden Zanker,Melbourne Demons,2.5,8,NA,Sportsbet,Geelong Cats,103,46287,12586317,441689433,2148132195,NA
Geelong Cats v Melbourne Demons,Geelong Cats,Melbourne Demons,Player Goals,Alyssa Bannan,Melbourne Demons,2.5,15,NA,Sportsbet,Geelong Cats,103,46287,12586317,441689433,2148132197,NA
Geelong Cats v Melbourne Demons,Geelong Cats,Melbourne Demons,Player Goals,Ryleigh Wotherspoon,Melbourne Demons,2.5,34,NA,Sportsbet,Geelong Cats,103,46287,12586317,441689433,2148132198,NA
Port Adelaide Power v Adelaide Crows,Port Adelaide Power,Adelaide Crows,Player Goals,Ashleigh Saint,Port Adelaide Power,0.5,1.69,NA,Sportsbet,Adelaide Crows,103,46287,12586318,441690419,2148135209,NA
Port Adelaide Power v Adelaide Crows,Port Adelaide Power,Adelaide Crows,Player Goals,Gemma Houghton,Port Adelaide Power,0.5,1.56,NA,Sportsbet,Adelaide Crows,103,46287,12586318,441690419,2148135200,NA
Port Adelaide Power v Adelaide Crows,Port Adelaide Power,Adelaide Crows,Player Goals,Julia Teakle,Port Adelaide Power,0.5,2.5,NA,Sportsbet,Adelaide Crows,103,46287,12586318,441690419,2148135208,NA
Port Adelaide Power v Adelaide Crows,Port Adelaide Power,Adelaide Crows,Player Goals,Kirsty Lamb,Port Adelaide Power,0.5,2.85,NA,Sportsbet,Adelaide Crows,103,46287,12586318,441690419,2148135202,NA
Port Adelaide Power v Adelaide Crows,Port Adelaide Power,Adelaide Crows,Player Goals,Justine Mules,NA,0.5,3.5,NA,Sportsbet,NA,103,46287,12586318,441690419,2148135204,NA
Port Adelaide Power v Adelaide Crows,Port Adelaide Power,Adelaide Crows,Player Goals,Abbey Dowrick,Port Adelaide Power,0.5,4.6,NA,Sportsbet,Adelaide Crows,103,46287,12586318,441690419,2148135201,NA
Port Adelaide Power v Adelaide Crows,Port Adelaide Power,Adelaide Crows,Player Goals,Cheyenne Hammond,Port Adelaide Power,0.5,4.6,NA,Sportsbet,Adelaide Crows,103,46287,12586318,441690419,2148439223,NA
Port Adelaide Power v Adelaide Crows,Port Adelaide Power,Adelaide Crows,Player Goals,Ella Boag,Port Adelaide Power,0.5,4.8,NA,Sportsbet,Adelaide Crows,103,46287,12586318,441690419,2148135205,NA
Port Adelaide Power v Adelaide Crows,Port Adelaide Power,Adelaide Crows,Player Goals,Olivia Levicki,Port Adelaide Power,0.5,4.8,NA,Sportsbet,Adelaide Crows,103,46287,12586318,441690419,2148135207,NA
Port Adelaide Power v Adelaide Crows,Port Adelaide Power,Adelaide Crows,Player Goals,Shineah Goody,Port Adelaide Power,0.5,4.6,NA,Sportsbet,Adelaide Crows,103,46287,12586318,441690419,2148135203,NA
Port Adelaide Power v Adelaide Crows,Port Adelaide Power,Adelaide Crows,Player Goals,Anne Hatchard,Adelaide Crows,0.5,1.99,NA,Sportsbet,Port Adelaide Power,103,46287,12586318,441690419,2148135214,NA
Port Adelaide Power v Adelaide Crows,Port Adelaide Power,Adelaide Crows,Player Goals,Chelsea Biddell,Adelaide Crows,0.5,1.58,NA,Sportsbet,Port Adelaide Power,103,46287,12586318,441690419,2148135211,NA
Port Adelaide Power v Adelaide Crows,Port Adelaide Power,Adelaide Crows,Player Goals,Chelsea Randall,Adelaide Crows,0.5,1.73,NA,Sportsbet,Port Adelaide Power,103,46287,12586318,441690419,2148444897,NA
Port Adelaide Power v Adelaide Crows,Port Adelaide Power,Adelaide Crows,Player Goals,Danielle Ponter,Adelaide Crows,0.5,1.24,NA,Sportsbet,Port Adelaide Power,103,46287,12586318,441690419,2148135218,NA
Port Adelaide Power v Adelaide Crows,Port Adelaide Power,Adelaide Crows,Player Goals,Eloise Jones,Adelaide Crows,0.5,1.32,NA,Sportsbet,Port Adelaide Power,103,46287,12586318,441690419,2148135217,NA
Port Adelaide Power v Adelaide Crows,Port Adelaide Power,Adelaide Crows,Player Goals,Brooke Boileau,Adelaide Crows,0.5,2.8,NA,Sportsbet,Port Adelaide Power,103,46287,12586318,441690419,2148444898,NA
Port Adelaide Power v Adelaide Crows,Port Adelaide Power,Adelaide Crows,Player Goals,Ebony Marinoff,Adelaide Crows,0.5,2.8,NA,Sportsbet,Port Adelaide Power,103,46287,12586318,441690419,2148135210,NA
Port Adelaide Power v Adelaide Crows,Port Adelaide Power,Adelaide Crows,Player Goals,Madison Newman,Adelaide Crows,0.5,2.8,NA,Sportsbet,Port Adelaide Power,103,46287,12586318,441690419,2148135213,NA
Port Adelaide Power v Adelaide Crows,Port Adelaide Power,Adelaide Crows,Player Goals,Niamh Kelly,Adelaide Crows,0.5,2.55,NA,Sportsbet,Port Adelaide Power,103,46287,12586318,441690419,2148135215,NA
Port Adelaide Power v Adelaide Crows,Port Adelaide Power,Adelaide Crows,Player Goals,Rachelle Martin,Adelaide Crows,0.5,2.6,NA,Sportsbet,Port Adelaide Power,103,46287,12586318,441690419,2148135219,NA
Port Adelaide Power v Adelaide Crows,Port Adelaide Power,Adelaide Crows,Player Goals,Stevie-Lee Thompson,Adelaide Crows,0.5,2.12,NA,Sportsbet,Port Adelaide Power,103,46287,12586318,441690419,2148135212,NA
Port Adelaide Power v Adelaide Crows,Port Adelaide Power,Adelaide Crows,Player Goals,Gemma Houghton,Port Adelaide Power,1.5,3.8,NA,Sportsbet,Adelaide Crows,103,46287,12586318,441689921,2148133668,NA
Port Adelaide Power v Adelaide Crows,Port Adelaide Power,Adelaide Crows,Player Goals,Ashleigh Saint,Port Adelaide Power,1.5,4.8,NA,Sportsbet,Adelaide Crows,103,46287,12586318,441689921,2148133677,NA
Port Adelaide Power v Adelaide Crows,Port Adelaide Power,Adelaide Crows,Player Goals,Julia Teakle,Port Adelaide Power,1.5,10,NA,Sportsbet,Adelaide Crows,103,46287,12586318,441689921,2148133676,NA
Port Adelaide Power v Adelaide Crows,Port Adelaide Power,Adelaide Crows,Player Goals,Kirsty Lamb,Port Adelaide Power,1.5,12.5,NA,Sportsbet,Adelaide Crows,103,46287,12586318,441689921,2148133670,NA
Port Adelaide Power v Adelaide Crows,Port Adelaide Power,Adelaide Crows,Player Goals,Justine Mules,NA,1.5,17,NA,Sportsbet,NA,103,46287,12586318,441689921,2148133672,NA
Port Adelaide Power v Adelaide Crows,Port Adelaide Power,Adelaide Crows,Player Goals,Danielle Ponter,Adelaide Crows,1.5,2.25,NA,Sportsbet,Port Adelaide Power,103,46287,12586318,441689921,2148134738,NA
Port Adelaide Power v Adelaide Crows,Port Adelaide Power,Adelaide Crows,Player Goals,Eloise Jones,Adelaide Crows,1.5,2.6,NA,Sportsbet,Port Adelaide Power,103,46287,12586318,441689921,2148134737,NA
Port Adelaide Power v Adelaide Crows,Port Adelaide Power,Adelaide Crows,Player Goals,Chelsea Biddell,Adelaide Crows,1.5,4.1,NA,Sportsbet,Port Adelaide Power,103,46287,12586318,441689921,2148134731,NA
Port Adelaide Power v Adelaide Crows,Port Adelaide Power,Adelaide Crows,Player Goals,Chelsea Randall,Adelaide Crows,1.5,4.7,NA,Sportsbet,Port Adelaide Power,103,46287,12586318,441689921,2148444895,NA
Port Adelaide Power v Adelaide Crows,Port Adelaide Power,Adelaide Crows,Player Goals,Anne Hatchard,Adelaide Crows,1.5,6.25,NA,Sportsbet,Port Adelaide Power,103,46287,12586318,441689921,2148134734,NA
Port Adelaide Power v Adelaide Crows,Port Adelaide Power,Adelaide Crows,Player Goals,Stevie-Lee Thompson,Adelaide Crows,1.5,7.5,NA,Sportsbet,Port Adelaide Power,103,46287,12586318,441689921,2148134732,NA
Port Adelaide Power v Adelaide Crows,Port Adelaide Power,Adelaide Crows,Player Goals,Niamh Kelly,Adelaide Crows,1.5,10.5,NA,Sportsbet,Port Adelaide Power,103,46287,12586318,441689921,2148134735,NA
Port Adelaide Power v Adelaide Crows,Port Adelaide Power,Adelaide Crows,Player Goals,Rachelle Martin,Adelaide Crows,1.5,11.5,NA,Sportsbet,Port Adelaide Power,103,46287,12586318,441689921,2148134739,NA
Port Adelaide Power v Adelaide Crows,Port Adelaide Power,Adelaide Crows,Player Goals,Ebony Marinoff,Adelaide Crows,1.5,12.5,NA,Sportsbet,Port Adelaide Power,103,46287,12586318,441689921,2148134730,NA
Port Adelaide Power v Adelaide Crows,Port Adelaide Power,Adelaide Crows,Player Goals,Brooke Boileau,Adelaide Crows,1.5,13,NA,Sportsbet,Port Adelaide Power,103,46287,12586318,441689921,2148444896,NA
Port Adelaide Power v Adelaide Crows,Port Adelaide Power,Adelaide Crows,Player Goals,Madison Newman,Adelaide Crows,1.5,13,NA,Sportsbet,Port Adelaide Power,103,46287,12586318,441689921,2148134733,NA
Port Adelaide Power v Adelaide Crows,Port Adelaide Power,Adelaide Crows,Player Goals,Gemma Houghton,Port Adelaide Power,2.5,12,NA,Sportsbet,Adelaide Crows,103,46287,12586318,441690420,2148135220,NA
Port Adelaide Power v Adelaide Crows,Port Adelaide Power,Adelaide Crows,Player Goals,Ashleigh Saint,Port Adelaide Power,2.5,15,NA,Sportsbet,Adelaide Crows,103,46287,12586318,441690420,2148135229,NA
Port Adelaide Power v Adelaide Crows,Port Adelaide Power,Adelaide Crows,Player Goals,Danielle Ponter,Adelaide Crows,2.5,5.3,NA,Sportsbet,Port Adelaide Power,103,46287,12586318,441690420,2148135238,NA
Port Adelaide Power v Adelaide Crows,Port Adelaide Power,Adelaide Crows,Player Goals,Eloise Jones,Adelaide Crows,2.5,6.5,NA,Sportsbet,Port Adelaide Power,103,46287,12586318,441690420,2148135237,NA
Port Adelaide Power v Adelaide Crows,Port Adelaide Power,Adelaide Crows,Player Goals,Chelsea Biddell,Adelaide Crows,2.5,13,NA,Sportsbet,Port Adelaide Power,103,46287,12586318,441690420,2148135231,NA
Port Adelaide Power v Adelaide Crows,Port Adelaide Power,Adelaide Crows,Player Goals,Chelsea Randall,Adelaide Crows,2.5,14,NA,Sportsbet,Port Adelaide Power,103,46287,12586318,441690420,2148444899,NA
Port Adelaide Power v Adelaide Crows,Port Adelaide Power,Adelaide Crows,Player Goals,Anne Hatchard,Adelaide Crows,2.5,23,NA,Sportsbet,Port Adelaide Power,103,46287,12586318,441690420,2148135234,NA
Port Adelaide Power v Adelaide Crows,Port Adelaide Power,Adelaide Crows,Player Goals,Stevie-Lee Thompson,Adelaide Crows,2.5,31,NA,Sportsbet,Port Adelaide Power,103,46287,12586318,441690420,2148135232,NA
Hawthorn Hawks v Carlton,Hawthorn Hawks,Carlton,Player Goals,Aileen Gilroy,Hawthorn Hawks,0.5,1.9,NA,Sportsbet,Carlton,103,46287,12586319,441734204,2148376128,NA
Hawthorn Hawks v Carlton,Hawthorn Hawks,Carlton,Player Goals,Aine McDonagh,Hawthorn Hawks,0.5,1.29,NA,Sportsbet,Carlton,103,46287,12586319,441734204,2148376130,NA
Hawthorn Hawks v Carlton,Hawthorn Hawks,Carlton,Player Goals,Bridie Hipwell,Hawthorn Hawks,0.5,1.58,NA,Sportsbet,Carlton,103,46287,12586319,441734204,2148376129,NA
Hawthorn Hawks v Carlton,Hawthorn Hawks,Carlton,Player Goals,Casey Sherriff,Hawthorn Hawks,0.5,1.94,NA,Sportsbet,Carlton,103,46287,12586319,441734204,2148376134,NA
Hawthorn Hawks v Carlton,Hawthorn Hawks,Carlton,Player Goals,Greta Bodey,Hawthorn Hawks,0.5,1.35,NA,Sportsbet,Carlton,103,46287,12586319,441734204,2148376132,NA
Hawthorn Hawks v Carlton,Hawthorn Hawks,Carlton,Player Goals,Jess Vukic,Hawthorn Hawks,0.5,1.92,NA,Sportsbet,Carlton,103,46287,12586319,441734204,2148376136,NA
Hawthorn Hawks v Carlton,Hawthorn Hawks,Carlton,Player Goals,Eliza West,Hawthorn Hawks,0.5,2.9,NA,Sportsbet,Carlton,103,46287,12586319,441734204,2148376135,NA
Hawthorn Hawks v Carlton,Hawthorn Hawks,Carlton,Player Goals,Emily Bates,Hawthorn Hawks,0.5,2.95,NA,Sportsbet,Carlton,103,46287,12586319,441734204,2148376131,NA
Hawthorn Hawks v Carlton,Hawthorn Hawks,Carlton,Player Goals,Mattea Breed,Hawthorn Hawks,0.5,2.9,NA,Sportsbet,Carlton,103,46287,12586319,441734204,2148376133,NA
Hawthorn Hawks v Carlton,Hawthorn Hawks,Carlton,Player Goals,Mikayla Williamson,Hawthorn Hawks,0.5,2.9,NA,Sportsbet,Carlton,103,46287,12586319,441734204,2148376137,NA
Hawthorn Hawks v Carlton,Hawthorn Hawks,Carlton,Player Goals,Breann Moody,Carlton,0.5,1.86,NA,Sportsbet,Hawthorn Hawks,103,46287,12586319,441734204,2148376140,NA
Hawthorn Hawks v Carlton,Hawthorn Hawks,Carlton,Player Goals,Darcy Vescio,Carlton,0.5,1.76,NA,Sportsbet,Hawthorn Hawks,103,46287,12586319,441734204,2148376138,NA
Hawthorn Hawks v Carlton,Hawthorn Hawks,Carlton,Player Goals,Mia Austin,Carlton,0.5,1.36,NA,Sportsbet,Hawthorn Hawks,103,46287,12586319,441734204,2148376145,NA
Hawthorn Hawks v Carlton,Hawthorn Hawks,Carlton,Player Goals,Abbie McKay,Carlton,0.5,2.75,NA,Sportsbet,Hawthorn Hawks,103,46287,12586319,441734204,2148376139,NA
Hawthorn Hawks v Carlton,Hawthorn Hawks,Carlton,Player Goals,Keeley Skepper,Carlton,0.5,2.6,NA,Sportsbet,Hawthorn Hawks,103,46287,12586319,441734204,2148376146,NA
Hawthorn Hawks v Carlton,Hawthorn Hawks,Carlton,Player Goals,Lila Keck,Carlton,0.5,2.55,NA,Sportsbet,Hawthorn Hawks,103,46287,12586319,441734204,2148376147,NA
Hawthorn Hawks v Carlton,Hawthorn Hawks,Carlton,Player Goals,Mimi Hill,Carlton,0.5,2.9,NA,Sportsbet,Hawthorn Hawks,103,46287,12586319,441734204,2148376142,NA
Hawthorn Hawks v Carlton,Hawthorn Hawks,Carlton,Player Goals,Jess Good,NA,0.5,3.35,NA,Sportsbet,NA,103,46287,12586319,441734204,2148376143,NA
Hawthorn Hawks v Carlton,Hawthorn Hawks,Carlton,Player Goals,Keeley Sherar,Carlton,0.5,3.05,NA,Sportsbet,Hawthorn Hawks,103,46287,12586319,441734204,2148376144,NA
Hawthorn Hawks v Carlton,Hawthorn Hawks,Carlton,Player Goals,Maddy Guerin,NA,0.5,3.3,NA,Sportsbet,NA,103,46287,12586319,441734204,2148376141,NA
Hawthorn Hawks v Carlton,Hawthorn Hawks,Carlton,Player Goals,Aine McDonagh,Hawthorn Hawks,1.5,2.35,NA,Sportsbet,Carlton,103,46287,12586319,441730052,2148358341,NA
Hawthorn Hawks v Carlton,Hawthorn Hawks,Carlton,Player Goals,Greta Bodey,Hawthorn Hawks,1.5,2.9,NA,Sportsbet,Carlton,103,46287,12586319,441730052,2148358343,NA
Hawthorn Hawks v Carlton,Hawthorn Hawks,Carlton,Player Goals,Bridie Hipwell,Hawthorn Hawks,1.5,3.9,NA,Sportsbet,Carlton,103,46287,12586319,441730052,2148358340,NA
Hawthorn Hawks v Carlton,Hawthorn Hawks,Carlton,Player Goals,Aileen Gilroy,Hawthorn Hawks,1.5,5.75,NA,Sportsbet,Carlton,103,46287,12586319,441730052,2148358339,NA
Hawthorn Hawks v Carlton,Hawthorn Hawks,Carlton,Player Goals,Casey Sherriff,Hawthorn Hawks,1.5,6,NA,Sportsbet,Carlton,103,46287,12586319,441730052,2148358345,NA
Hawthorn Hawks v Carlton,Hawthorn Hawks,Carlton,Player Goals,Jess Vukic,Hawthorn Hawks,1.5,6,NA,Sportsbet,Carlton,103,46287,12586319,441730052,2148358347,NA
Hawthorn Hawks v Carlton,Hawthorn Hawks,Carlton,Player Goals,Eliza West,Hawthorn Hawks,1.5,13,NA,Sportsbet,Carlton,103,46287,12586319,441730052,2148358346,NA
Hawthorn Hawks v Carlton,Hawthorn Hawks,Carlton,Player Goals,Emily Bates,Hawthorn Hawks,1.5,13,NA,Sportsbet,Carlton,103,46287,12586319,441730052,2148358342,NA
Hawthorn Hawks v Carlton,Hawthorn Hawks,Carlton,Player Goals,Mikayla Williamson,Hawthorn Hawks,1.5,13,NA,Sportsbet,Carlton,103,46287,12586319,441730052,2148358348,NA
Hawthorn Hawks v Carlton,Hawthorn Hawks,Carlton,Player Goals,Mattea Breed,Hawthorn Hawks,1.5,14,NA,Sportsbet,Carlton,103,46287,12586319,441730052,2148358344,NA
Hawthorn Hawks v Carlton,Hawthorn Hawks,Carlton,Player Goals,Mia Austin,Carlton,1.5,2.75,NA,Sportsbet,Hawthorn Hawks,103,46287,12586319,441730052,2148364129,NA
Hawthorn Hawks v Carlton,Hawthorn Hawks,Carlton,Player Goals,Breann Moody,Carlton,1.5,5.5,NA,Sportsbet,Hawthorn Hawks,103,46287,12586319,441730052,2148364124,NA
Hawthorn Hawks v Carlton,Hawthorn Hawks,Carlton,Player Goals,Darcy Vescio,Carlton,1.5,5,NA,Sportsbet,Hawthorn Hawks,103,46287,12586319,441730052,2148364122,NA
Hawthorn Hawks v Carlton,Hawthorn Hawks,Carlton,Player Goals,Keeley Skepper,Carlton,1.5,11,NA,Sportsbet,Hawthorn Hawks,103,46287,12586319,441730052,2148364130,NA
Hawthorn Hawks v Carlton,Hawthorn Hawks,Carlton,Player Goals,Lila Keck,Carlton,1.5,11,NA,Sportsbet,Hawthorn Hawks,103,46287,12586319,441730052,2148364131,NA
Hawthorn Hawks v Carlton,Hawthorn Hawks,Carlton,Player Goals,Abbie McKay,Carlton,1.5,12,NA,Sportsbet,Hawthorn Hawks,103,46287,12586319,441730052,2148364123,NA
Hawthorn Hawks v Carlton,Hawthorn Hawks,Carlton,Player Goals,Mimi Hill,Carlton,1.5,13,NA,Sportsbet,Hawthorn Hawks,103,46287,12586319,441730052,2148364126,NA
Hawthorn Hawks v Carlton,Hawthorn Hawks,Carlton,Player Goals,Keeley Sherar,Carlton,1.5,14,NA,Sportsbet,Hawthorn Hawks,103,46287,12586319,441730052,2148364128,NA
Hawthorn Hawks v Carlton,Hawthorn Hawks,Carlton,Player Goals,Jess Good,NA,1.5,16,NA,Sportsbet,NA,103,46287,12586319,441730052,2148364127,NA
Hawthorn Hawks v Carlton,Hawthorn Hawks,Carlton,Player Goals,Maddy Guerin,NA,1.5,16,NA,Sportsbet,NA,103,46287,12586319,441730052,2148364125,NA
Hawthorn Hawks v Carlton,Hawthorn Hawks,Carlton,Player Goals,Aine McDonagh,Hawthorn Hawks,2.5,5.7,NA,Sportsbet,Carlton,103,46287,12586319,441734205,2148376150,NA
Hawthorn Hawks v Carlton,Hawthorn Hawks,Carlton,Player Goals,Greta Bodey,Hawthorn Hawks,2.5,7.75,NA,Sportsbet,Carlton,103,46287,12586319,441734205,2148376152,NA
Hawthorn Hawks v Carlton,Hawthorn Hawks,Carlton,Player Goals,Bridie Hipwell,Hawthorn Hawks,2.5,12.5,NA,Sportsbet,Carlton,103,46287,12586319,441734205,2148376149,NA
Hawthorn Hawks v Carlton,Hawthorn Hawks,Carlton,Player Goals,Aileen Gilroy,Hawthorn Hawks,2.5,19,NA,Sportsbet,Carlton,103,46287,12586319,441734205,2148376148,NA
Hawthorn Hawks v Carlton,Hawthorn Hawks,Carlton,Player Goals,Casey Sherriff,Hawthorn Hawks,2.5,21,NA,Sportsbet,Carlton,103,46287,12586319,441734205,2148376154,NA
Hawthorn Hawks v Carlton,Hawthorn Hawks,Carlton,Player Goals,Jess Vukic,Hawthorn Hawks,2.5,21,NA,Sportsbet,Carlton,103,46287,12586319,441734205,2148376156,NA
Hawthorn Hawks v Carlton,Hawthorn Hawks,Carlton,Player Goals,Mia Austin,Carlton,2.5,7.25,NA,Sportsbet,Hawthorn Hawks,103,46287,12586319,441734205,2148376165,NA
Hawthorn Hawks v Carlton,Hawthorn Hawks,Carlton,Player Goals,Darcy Vescio,Carlton,2.5,16,NA,Sportsbet,Hawthorn Hawks,103,46287,12586319,441734205,2148376158,NA
Hawthorn Hawks v Carlton,Hawthorn Hawks,Carlton,Player Goals,Breann Moody,Carlton,2.5,19,NA,Sportsbet,Hawthorn Hawks,103,46287,12586319,441734205,2148376160,NA
Brisbane Lions v North Melbourne Kangaroos,Brisbane Lions,North Melbourne Kangaroos,Player Goals,Dakota Davidson,Brisbane Lions,0.5,1.17,NA,Sportsbet,North Melbourne Kangaroos,103,46287,12586320,441738926,2148398448,NA
Brisbane Lions v North Melbourne Kangaroos,Brisbane Lions,North Melbourne Kangaroos,Player Goals,Orla O'Dwyer,Brisbane Lions,0.5,1.91,NA,Sportsbet,North Melbourne Kangaroos,103,46287,12586320,441738926,2148398446,NA
Brisbane Lions v North Melbourne Kangaroos,Brisbane Lions,North Melbourne Kangaroos,Player Goals,Sophie Conway,Brisbane Lions,0.5,1.51,NA,Sportsbet,North Melbourne Kangaroos,103,46287,12586320,441738926,2148398447,NA
Brisbane Lions v North Melbourne Kangaroos,Brisbane Lions,North Melbourne Kangaroos,Player Goals,Taylor Smith,Brisbane Lions,0.5,1.79,NA,Sportsbet,North Melbourne Kangaroos,103,46287,12586320,441738926,2148398450,NA
Brisbane Lions v North Melbourne Kangaroos,Brisbane Lions,North Melbourne Kangaroos,Player Goals,Catherine Svarc,NA,0.5,2.95,NA,Sportsbet,NA,103,46287,12586320,441738926,2148398449,NA
Brisbane Lions v North Melbourne Kangaroos,Brisbane Lions,North Melbourne Kangaroos,Player Goals,Charlotte Mullins,Brisbane Lions,0.5,2.05,NA,Sportsbet,North Melbourne Kangaroos,103,46287,12586320,441738926,2148398454,NA
Brisbane Lions v North Melbourne Kangaroos,Brisbane Lions,North Melbourne Kangaroos,Player Goals,Courtney Hodder,Brisbane Lions,0.5,2.2,NA,Sportsbet,North Melbourne Kangaroos,103,46287,12586320,441738926,2148398451,NA
Brisbane Lions v North Melbourne Kangaroos,Brisbane Lions,North Melbourne Kangaroos,Player Goals,Lily Postlethwaite,Brisbane Lions,0.5,2.9,NA,Sportsbet,North Melbourne Kangaroos,103,46287,12586320,441738926,2148398445,NA
Brisbane Lions v North Melbourne Kangaroos,Brisbane Lions,North Melbourne Kangaroos,Player Goals,Ellie Hampson,Brisbane Lions,0.5,3.05,NA,Sportsbet,North Melbourne Kangaroos,103,46287,12586320,441738926,2148398453,NA
Brisbane Lions v North Melbourne Kangaroos,Brisbane Lions,North Melbourne Kangaroos,Player Goals,Isabel Dawes,Brisbane Lions,0.5,3.1,NA,Sportsbet,North Melbourne Kangaroos,103,46287,12586320,441738926,2148398452,NA
Brisbane Lions v North Melbourne Kangaroos,Brisbane Lions,North Melbourne Kangaroos,Player Goals,Jasmine Garner,North Melbourne Kangaroos,0.5,1.71,NA,Sportsbet,Brisbane Lions,103,46287,12586320,441738926,2148398458,NA
Brisbane Lions v North Melbourne Kangaroos,Brisbane Lions,North Melbourne Kangaroos,Player Goals,Kate Shierlaw,North Melbourne Kangaroos,0.5,1.73,NA,Sportsbet,Brisbane Lions,103,46287,12586320,441738926,2148398464,NA
Brisbane Lions v North Melbourne Kangaroos,Brisbane Lions,North Melbourne Kangaroos,Player Goals,Tahlia Randall,North Melbourne Kangaroos,0.5,1.26,NA,Sportsbet,Brisbane Lions,103,46287,12586320,441738926,2148398456,NA
Brisbane Lions v North Melbourne Kangaroos,Brisbane Lions,North Melbourne Kangaroos,Player Goals,Alice O'Loughlin,North Melbourne Kangaroos,0.5,2.5,NA,Sportsbet,Brisbane Lions,103,46287,12586320,441738926,2148398460,NA
Brisbane Lions v North Melbourne Kangaroos,Brisbane Lions,North Melbourne Kangaroos,Player Goals,Emma King,North Melbourne Kangaroos,0.5,2.05,NA,Sportsbet,Brisbane Lions,103,46287,12586320,441738926,2148398459,NA
Brisbane Lions v North Melbourne Kangaroos,Brisbane Lions,North Melbourne Kangaroos,Player Goals,Isabella Eddey,NA,0.5,2.07,NA,Sportsbet,NA,103,46287,12586320,441738926,2148398461,NA
Brisbane Lions v North Melbourne Kangaroos,Brisbane Lions,North Melbourne Kangaroos,Player Goals,Ashleigh Riddell,NA,0.5,3.45,NA,Sportsbet,NA,103,46287,12586320,441738926,2148398455,NA
Brisbane Lions v North Melbourne Kangaroos,Brisbane Lions,North Melbourne Kangaroos,Player Goals,Mia King,North Melbourne Kangaroos,0.5,3.4,NA,Sportsbet,Brisbane Lions,103,46287,12586320,441738926,2148398457,NA
Brisbane Lions v North Melbourne Kangaroos,Brisbane Lions,North Melbourne Kangaroos,Player Goals,Ruby Tripodi,North Melbourne Kangaroos,0.5,3.45,NA,Sportsbet,Brisbane Lions,103,46287,12586320,441738926,2148398463,NA
Brisbane Lions v North Melbourne Kangaroos,Brisbane Lions,North Melbourne Kangaroos,Player Goals,Tess Craven,North Melbourne Kangaroos,0.5,3.45,NA,Sportsbet,Brisbane Lions,103,46287,12586320,441738926,2148398462,NA
Brisbane Lions v North Melbourne Kangaroos,Brisbane Lions,North Melbourne Kangaroos,Player Goals,Dakota Davidson,Brisbane Lions,1.5,1.96,NA,Sportsbet,North Melbourne Kangaroos,103,46287,12586320,441736132,2148384038,NA
Brisbane Lions v North Melbourne Kangaroos,Brisbane Lions,North Melbourne Kangaroos,Player Goals,Sophie Conway,Brisbane Lions,1.5,3.7,NA,Sportsbet,North Melbourne Kangaroos,103,46287,12586320,441736132,2148384037,NA
Brisbane Lions v North Melbourne Kangaroos,Brisbane Lions,North Melbourne Kangaroos,Player Goals,Taylor Smith,Brisbane Lions,1.5,5.1,NA,Sportsbet,North Melbourne Kangaroos,103,46287,12586320,441736132,2148384040,NA
Brisbane Lions v North Melbourne Kangaroos,Brisbane Lions,North Melbourne Kangaroos,Player Goals,Charlotte Mullins,Brisbane Lions,1.5,6.75,NA,Sportsbet,North Melbourne Kangaroos,103,46287,12586320,441736132,2148384044,NA
Brisbane Lions v North Melbourne Kangaroos,Brisbane Lions,North Melbourne Kangaroos,Player Goals,Orla O'Dwyer,Brisbane Lions,1.5,6,NA,Sportsbet,North Melbourne Kangaroos,103,46287,12586320,441736132,2148384036,NA
Brisbane Lions v North Melbourne Kangaroos,Brisbane Lions,North Melbourne Kangaroos,Player Goals,Courtney Hodder,Brisbane Lions,1.5,8.75,NA,Sportsbet,North Melbourne Kangaroos,103,46287,12586320,441736132,2148384041,NA
Brisbane Lions v North Melbourne Kangaroos,Brisbane Lions,North Melbourne Kangaroos,Player Goals,Lily Postlethwaite,Brisbane Lions,1.5,13,NA,Sportsbet,North Melbourne Kangaroos,103,46287,12586320,441736132,2148384035,NA
Brisbane Lions v North Melbourne Kangaroos,Brisbane Lions,North Melbourne Kangaroos,Player Goals,Catherine Svarc,NA,1.5,14,NA,Sportsbet,NA,103,46287,12586320,441736132,2148384039,NA
Brisbane Lions v North Melbourne Kangaroos,Brisbane Lions,North Melbourne Kangaroos,Player Goals,Ellie Hampson,Brisbane Lions,1.5,14,NA,Sportsbet,North Melbourne Kangaroos,103,46287,12586320,441736132,2148384043,NA
Brisbane Lions v North Melbourne Kangaroos,Brisbane Lions,North Melbourne Kangaroos,Player Goals,Isabel Dawes,Brisbane Lions,1.5,14,NA,Sportsbet,North Melbourne Kangaroos,103,46287,12586320,441736132,2148384042,NA
Brisbane Lions v North Melbourne Kangaroos,Brisbane Lions,North Melbourne Kangaroos,Player Goals,Tahlia Randall,North Melbourne Kangaroos,1.5,2.3,NA,Sportsbet,Brisbane Lions,103,46287,12586320,441736132,2148384046,NA
Brisbane Lions v North Melbourne Kangaroos,Brisbane Lions,North Melbourne Kangaroos,Player Goals,Jasmine Garner,North Melbourne Kangaroos,1.5,4.8,NA,Sportsbet,Brisbane Lions,103,46287,12586320,441736132,2148384048,NA
Brisbane Lions v North Melbourne Kangaroos,Brisbane Lions,North Melbourne Kangaroos,Player Goals,Kate Shierlaw,North Melbourne Kangaroos,1.5,4.8,NA,Sportsbet,Brisbane Lions,103,46287,12586320,441736132,2148384054,NA
Brisbane Lions v North Melbourne Kangaroos,Brisbane Lions,North Melbourne Kangaroos,Player Goals,Emma King,North Melbourne Kangaroos,1.5,7,NA,Sportsbet,Brisbane Lions,103,46287,12586320,441736132,2148384049,NA
Brisbane Lions v North Melbourne Kangaroos,Brisbane Lions,North Melbourne Kangaroos,Player Goals,Isabella Eddey,NA,1.5,7.25,NA,Sportsbet,NA,103,46287,12586320,441736132,2148384051,NA
Brisbane Lions v North Melbourne Kangaroos,Brisbane Lions,North Melbourne Kangaroos,Player Goals,Alice O'Loughlin,North Melbourne Kangaroos,1.5,10,NA,Sportsbet,Brisbane Lions,103,46287,12586320,441736132,2148384050,NA
Brisbane Lions v North Melbourne Kangaroos,Brisbane Lions,North Melbourne Kangaroos,Player Goals,Mia King,North Melbourne Kangaroos,1.5,15,NA,Sportsbet,Brisbane Lions,103,46287,12586320,441736132,2148384047,NA
Brisbane Lions v North Melbourne Kangaroos,Brisbane Lions,North Melbourne Kangaroos,Player Goals,Ashleigh Riddell,NA,1.5,17,NA,Sportsbet,NA,103,46287,12586320,441736132,2148384045,NA
Brisbane Lions v North Melbourne Kangaroos,Brisbane Lions,North Melbourne Kangaroos,Player Goals,Ruby Tripodi,North Melbourne Kangaroos,1.5,18,NA,Sportsbet,Brisbane Lions,103,46287,12586320,441736132,2148384053,NA
Brisbane Lions v North Melbourne Kangaroos,Brisbane Lions,North Melbourne Kangaroos,Player Goals,Tess Craven,North Melbourne Kangaroos,1.5,18,NA,Sportsbet,Brisbane Lions,103,46287,12586320,441736132,2148384052,NA
Brisbane Lions v North Melbourne Kangaroos,Brisbane Lions,North Melbourne Kangaroos,Player Goals,Dakota Davidson,Brisbane Lions,2.5,4.1,NA,Sportsbet,North Melbourne Kangaroos,103,46287,12586320,441738927,2148398468,NA
Brisbane Lions v North Melbourne Kangaroos,Brisbane Lions,North Melbourne Kangaroos,Player Goals,Sophie Conway,Brisbane Lions,2.5,10.5,NA,Sportsbet,North Melbourne Kangaroos,103,46287,12586320,441738927,2148398467,NA
Brisbane Lions v North Melbourne Kangaroos,Brisbane Lions,North Melbourne Kangaroos,Player Goals,Taylor Smith,Brisbane Lions,2.5,16,NA,Sportsbet,North Melbourne Kangaroos,103,46287,12586320,441738927,2148398470,NA
Brisbane Lions v North Melbourne Kangaroos,Brisbane Lions,North Melbourne Kangaroos,Player Goals,Orla O'Dwyer,Brisbane Lions,2.5,19,NA,Sportsbet,North Melbourne Kangaroos,103,46287,12586320,441738927,2148398466,NA
Brisbane Lions v North Melbourne Kangaroos,Brisbane Lions,North Melbourne Kangaroos,Player Goals,Charlotte Mullins,Brisbane Lions,2.5,26,NA,Sportsbet,North Melbourne Kangaroos,103,46287,12586320,441738927,2148398474,NA
Brisbane Lions v North Melbourne Kangaroos,Brisbane Lions,North Melbourne Kangaroos,Player Goals,Courtney Hodder,Brisbane Lions,2.5,34,NA,Sportsbet,North Melbourne Kangaroos,103,46287,12586320,441738927,2148398471,NA
Brisbane Lions v North Melbourne Kangaroos,Brisbane Lions,North Melbourne Kangaroos,Player Goals,Tahlia Randall,North Melbourne Kangaroos,2.5,5.6,NA,Sportsbet,Brisbane Lions,103,46287,12586320,441738927,2148398476,NA
Brisbane Lions v North Melbourne Kangaroos,Brisbane Lions,North Melbourne Kangaroos,Player Goals,Kate Shierlaw,North Melbourne Kangaroos,2.5,14,NA,Sportsbet,Brisbane Lions,103,46287,12586320,441738927,2148398484,NA
Brisbane Lions v North Melbourne Kangaroos,Brisbane Lions,North Melbourne Kangaroos,Player Goals,Jasmine Garner,North Melbourne Kangaroos,2.5,15,NA,Sportsbet,Brisbane Lions,103,46287,12586320,441738927,2148398478,NA
Brisbane Lions v North Melbourne Kangaroos,Brisbane Lions,North Melbourne Kangaroos,Player Goals,Emma King,North Melbourne Kangaroos,2.5,23,NA,Sportsbet,Brisbane Lions,103,46287,12586320,441738927,2148398479,NA
Brisbane Lions v North Melbourne Kangaroos,Brisbane Lions,North Melbourne Kangaroos,Player Goals,Isabella Eddey,NA,2.5,31,NA,Sportsbet,NA,103,46287,12586320,441738927,2148398481,NA
